{
  "todos": [
    {
      "id": 0.5231073290431019
    },
    {
      "id": 0.7592457180820105
    }
  ]
}